﻿{
               "bindings": [
                {
                    "name": "Request",
                    "authLevel": "anonymous",
                    "methods": [
                        "get",
                        "post"
                    ],
                    "direction": "in",
                    "type": "httpTrigger"
                },
                {
                    "type": "http",
                    "direction": "out",
                    "name": "Response"
                }
            ],
                "disabled": true
            }